,index,BC_lovain
435,Čukarica(1652),0.00010619995493577256
430,Sajam(495),8.174021480978349e-05
184,Brankov Most(298),6.966019556348948e-05
456,Ada Ciganlija(503),6.717403428641177e-05
163,Pionirski Park(703),6.439790194844594e-05
245,Sava Centar(397),6.131963533395073e-05
177,Zeleni Venac(360),5.833502547989336e-05
439,Sajam(496),5.145672703474931e-05
166,Miloša Pocerca(271),4.924642748841585e-05
396,Bulevar Zorana Đinđića(401),4.8023781052154353e-05
427,Sava Centar(398),4.7659371111541595e-05
447,Čukarica(1653),4.750952029484102e-05
444,Blok 42(1062),4.490415950447876e-05
167,Zeleni Venac(359),4.472414391298782e-05
0,Karađorđev Park(148),4.39335348963046e-05
135,Palilulska Pijaca(61),4.069811953572403e-05
446,Blok 42(1261),3.9914808448425566e-05
244,Mostar(493),3.798718203359547e-05
344,Naselje Petlovo Brdo(1692),3.627070904229798e-05
25,Palilulska Pijaca(743),3.334521241625724e-05
152,Admirala Geprata(268),3.3212876630080104e-05
1,Franše Deperea(746),3.2796894655148314e-05
384,Go Novi Beograd(403),3.079093713158836e-05
345,Naselje Petlovo Brdo(1693),3.078753143120881e-05
442,Kirovljeva(505),3.07875314312088e-05
176,Brankov Most(361),3.077390862969057e-05
436,Ortopedski Zavod(274),3.060021791033309e-05
20,Tehnički Fakulteti(585),3.044014999249384e-05
143,Makedonska(311),2.957388577452185e-05
94,Koste Trifkovića(105),2.9459308283180993e-05
251,Staro Sajmište(1051),2.933670306951689e-05
454,Mostar(494),2.8863310716758246e-05
27,Mačvanska(203),2.8812225211064876e-05
504,Blok 25(772),2.8471655173109022e-05
264,Ekonomski Fakultet(10),2.8199199142744347e-05
4,Trg Slavija /Bulevar Oslobođenja/(147),2.7756458093401736e-05
429,Blok 25(844),2.744994505924148e-05
182,Resavska(534),2.7187706130015475e-05
156,Makedonska(238),2.702666515492492e-05
241,Ekonomski Fakultet(115),2.6462291949169513e-05
118,Dalmatinska(551),2.606041930438161e-05
812,Železnička Stanica Novi Beograd(2280),2.574709486946223e-05
105,Czk Vlada Divljan(350),2.554275284668872e-05
391,Bulevar Maršala Tolbuhina(373),2.5048926291652737e-05
140,Dalmatinska(553),2.5011463587477595e-05
19,Pravni Fakultet(65),2.497740658368201e-05
121,Czk Vlada Divljan(351),2.4725384755594682e-05
218,Franše Deperea(639),2.4418871721434416e-05
150,Terazije(196),2.4272426605113398e-05
110,Vuka Vrčevića(347),2.370367464172713e-05
434,Ruska(497),2.3645777735274638e-05
13,Trg Slavija /Bulevar Oslobođenja/(146),2.3601503630340373e-05
5,Karađorđev Park(149),2.237545149369932e-05
35,Savski Trg(70),2.217110947092581e-05
10,Franše Deperea(392),2.19667674481523e-05
56,Železnička Stanica Beograd Centar(290),2.1728368421583205e-05
369,Studentski Grad(1119),2.151040359729146e-05
375,Železnička Stanica Tošin Bunar(1123),2.125157036844501e-05
684,Coca-Cola(1158),2.108128534946709e-05
692,Coca-Cola(1159),2.074071531151124e-05
305,Miška Kranjca(738),2.050231628494214e-05
710,Bulevar Kralja Aleksandra(481),2.012768924319071e-05
445,Palata Pravde 1(3736),2.0107255040913355e-05
669,Koste Trifkovića(104),2.0093632239395127e-05
133,"Pijaca ""Kalenić""(556)",2.0080009437876896e-05
175,Trg Republike(702),2.005860217834824e-05
389,Tošin Bunar(1755),1.9187715938432566e-05
474,Vladimira Tomanovića(259),1.895272261224303e-05
317,Miška Kranjca(739),1.8850551600856273e-05
248,Blok 21(119),1.825455403443354e-05
810,Škola Josif Pančić(182),1.8186440026842368e-05
174,Trg Republike(3031),1.785316791827129e-05
385,Go Novi Beograd(370),1.7633013715164115e-05
12,Pravni Fakultet(176),1.7062558901588066e-05
683,Zemun /Gornji Grad/(1152),1.6858216878814556e-05
240,Savski Trg(69),1.67560458674278e-05
719,Kvantaška Pijaca(2390),1.67560458674278e-05
402,Bulevar Umetnosti(435),1.6619817852245462e-05
348,Novo Naselje /Rušanj/(1698),1.655170384465429e-05
727,Kvantaška Pijaca(1925),1.634736182188078e-05
221,Franše Deperea(391),1.634736182188078e-05
382,Bulevar Umetnosti(707),1.6296276316187404e-05
667,Bulevar Kralja Aleksandra(480),1.621113380669844e-05
144,Bistrička(905),1.614301979910727e-05
663,Rimska(216),1.614301979910727e-05
172,Trg Slavija(200),1.6108962795311686e-05
38,Deligradska(394),1.6040848787720514e-05
522,Ulaz U Pariske Komune(454),1.5911432173297295e-05
15,Trg Slavija(199),1.573433575356025e-05
662,Šumice(218),1.5410794217502196e-05
449,Železnik R(911),1.5325651708013232e-05
405,Milutina Milankovića(800),1.5087252681444136e-05
130,Pravni Fakultet(583),1.4916967662466212e-05
168,London(269),1.4915264812276432e-05
671,Bajdina(1429),1.4882910658670626e-05
127,Mašinski Fakultet(62),1.4848853654875044e-05
480,Šumice(258),1.4814796651079457e-05
122,Pančevački Most(349),1.4712625639692703e-05
438,Palata Pravde(706),1.4607048927926392e-05
114,Generala Aračića(606),1.4508283616919193e-05
441,Kneza Višeslava(179),1.4491255115021397e-05
93,Mite Ružića(103),1.447422661312361e-05
8,Trg Oslobođenja(2752),1.4406112605532438e-05
190,Blok 21(118),1.4355027099839058e-05
308,Železnička Stanica Rakovica(1386),1.433799859794127e-05
180,Birčaninova(270),1.424263898731363e-05
115,Železnička Stanica Dunav(720),1.4201770582758928e-05
395,Blok 30(368),1.415068507706555e-05
58,Trošarina(910),1.4099599571372173e-05
451,Put Za Železnik(1351),1.4099599571372173e-05
393,Arhiv(372),1.4007645661124094e-05
691,Zemun /Gornji Grad/(1153),1.3997428559985419e-05
303,Go Rakovica(875),1.365685852202957e-05
453,Ortopedski Zavod(2849),1.3639830020131776e-05
183,Višegradska(272),1.352063050684723e-05
113,Jovana Avakumovića(352),1.3486573503051644e-05
343,Toplana(527),1.3486573503051644e-05
420,Beogradska Arena /Antifašističke Borbe/(192),1.3486573503051644e-05
48,Raška(862),1.3282231480278135e-05
47,Baštovanska(292),1.318006046889138e-05
392,Go Novi Beograd(404),1.3137489214146896e-05
603,Staro Sajmište(1050),1.3111946461300211e-05
711,Prvomajska(1564),1.3077889457504625e-05
819,Topčiderski Park(2582),1.2941661442322284e-05
367,Pariske  Komune(460),1.29076044385267e-05
186,Rk Beograđanka(114),1.2822461929037737e-05
304,Marička(737),1.277137642334436e-05
170,Rk Beograđanka(198),1.277137642334436e-05
253,Zeleni Venac(1049),1.2567034400570849e-05
934,Dr Velizara Kosanovića(100),1.243080638538851e-05
14,Rk Beograđanka(197),1.2260521366410586e-05
513,Železnik R(1980),1.2260521366410586e-05
511,Ada Ciganlija(502),1.2257115666031028e-05
336,Toplana(526),1.2124293351228245e-05
772,Gandijeva(790),1.2056179343637075e-05
7,Južni Bulevar(390),1.2056179343637075e-05
386,Narodnih Heroja(1004),1.181778031706798e-05
431,Durmitorska(2498),1.1783723313272396e-05
157,Maksima Gorkog(825),1.174966630947681e-05
516,Put Za Železnik(1931),1.1647495298090055e-05
328,Ulica Oslobođenja (942),1.147721027911213e-05
219,Trg Oslobođenja(452),1.1443153275316546e-05
687,Bolnica(3113),1.1375039267725375e-05
416,Bežanijska Kosa(1852),1.1306925260134206e-05
307,Janković Stojana(735),1.1238811252543036e-05
418,Beogradska Arena /Antifašističke Borbe/(387),1.1136640241156281e-05
346,Kneževac(1011),1.1034469229769526e-05
686,Elektronska Industrija(1160),1.08641842107916e-05
617,Labudovo Brdo(1014),1.0830127206996016e-05
414,Beogradska Arena(434),1.0727956195609262e-05
351,Kružni Put(2298),1.0625785184222507e-05
758,Dr Huga Klajna(1189),1.0625785184222507e-05
713,Mite Ružića(479),1.0591728180426922e-05
132,Vukov Spomenik(64),1.0469122966762816e-05
338,Labudovo Brdo(1013),1.0421443161448999e-05
1085,Nedeljka Gvozdenovića(1141),1.0421443161448997e-05
388,Tošin Bunar(1754),1.0387386157653411e-05
715,Bežanijska Kosa (Ulaz)(1204),1.0319272150062242e-05
1084,Surčinska(1140),1.0217101138675487e-05
280,Žs Pančevački Most(2113),1.0183044134879903e-05
129,Vukov Spomenik(63),1.0176232734120786e-05
139,Glavna Pošta(535),1.0173070298054054e-05
371,Fontana(456),1.0097901625390942e-05
155,Pionirski Park(704),1.0058736071026017e-05
23,Terazije(195),9.931022306792574e-06
443,Svetolika Lazarevića Laze(966),9.808417093128468e-06
352,Naselje Vinogradi(2136),9.808417093128468e-06
510,Svetolika Lazarevića Laze(967),9.808417093128468e-06
1080,Blok 61(1150),9.706246081741713e-06
332,Pilota Mihajla Petrovića(732),9.706246081741713e-06
46,Paunova(855),9.570018066559375e-06
695,Elektronska Industrija(1161),9.570018066559374e-06
181,Bulevar Despota Stefana(56),9.559800965420699e-06
318,Železnička Stanica Rakovica(1385),9.467847055172619e-06
795,Omladinskih Brigada(795),9.399733047581448e-06
724,Oš Gavrilo Princip(329),9.195391024807939e-06
95,Dr Velizara Kosanovića(101),9.195391024807939e-06
768,Oš Gavrilo Princip(330),9.195391024807939e-06
685,Preduzeće Galenika Magmasil(1156),9.195391024807939e-06
404,Španskih Boraca(366),9.195391024807939e-06
267,Brankov Most(8),9.093220013421184e-06
477,Medaković 2(260),8.991049002034429e-06
773,Blok 70(792),8.991049002034429e-06
716,Dr Huga Klajna(1190),8.991049002034429e-06
362,Banatska(2523),8.991049002034429e-06
55,Voždovac(705),8.888877990647674e-06
397,Bulevar Zorana Đinđića(402),8.87525518912944e-06
242,Palata Pravde(14),8.78670697926092e-06
238,Novopazarska(202),8.78670697926092e-06
51,Pere Velimirovića(864),8.58236495648741e-06
117,Vuka Vrčevića(346),8.58236495648741e-06
394,Blok 30(369),8.58236495648741e-06
455,Petlja Radnička(500),8.514250948896237e-06
611,Nemanjina(912),8.480193945100655e-06
247,Trg Republike(674),8.407701179878624e-06
62,Pere Velimirovića(863),8.3780229337139e-06
77,Beli Potok /Kumbara/(1618),8.3780229337139e-06
778,Blok 70(793),8.3780229337139e-06
1122,Zdravstvena St. Leštane I Vinča(1455),8.3780229337139e-06
571,Pančevački Most(348),8.3780229337139e-06
399,Bulevar Maršala Tolbuhina(374),8.309908926122731e-06
112,Omladinski Stadion(76),8.275851922327145e-06
306,Pilota Mihajla Petrovića(1265),8.275851922327145e-06
517,Gospodarska Mehana(499),8.241794918531559e-06
383,Arhiv(371),8.234983517772443e-06
661,Petrinjska(220),8.224766416633768e-06
718,Novo Bežanijsko Groblje(2525),8.17368091094039e-06
562,Rospi Ćuprija(664),8.17368091094039e-06
159,Zdravka Čelara(243),8.17368091094039e-06
378,Bežanijska Kosa(1853),8.139623907144806e-06
1086,Nedeljka Gvozdenovića(1142),8.071509899553635e-06
377,Milutina Milankovića(1181),8.003395891962465e-06
473,Medaković 2(261),7.96933888816688e-06
54,Voždovac-Okretnica(1597),7.96933888816688e-06
936,Mite Ružića(102),7.96933888816688e-06
206,Paunova(856),7.918253382473502e-06
694,Bolnica(3114),7.867167876780127e-06
1083,Blok 61(1151),7.867167876780126e-06
322,Mz Vidikovac(523),7.867167876780126e-06
721,Bežanijska Kosa /Groblje/(1193),7.867167876780126e-06
608,Savski Park(3105),7.83311087298454e-06
588,27. Marta(240),7.813163199332842e-06
910,Nićiforovićeva(1658),7.76499686539337e-06
732,Novosadski Put(2428),7.76499686539337e-06
845,Žarkovo(725),7.76499686539337e-06
770,Novosadski Put(2427),7.76499686539337e-06
189,Šest Kaplara(362),7.74796836349558e-06
760,Bežanijska Kosa (Izlaz)(1191),7.662825854006616e-06
109,"Vmc ""Karaburma""(155)",7.662825854006616e-06
26,Katanićeva(201),7.662825854006616e-06
349,Novo Naselje /Rušanj/(1697),7.560654842619861e-06
1038,Put Za 13. Maj(1162),7.560654842619861e-06
134,Mašinski Fakultet(85),7.5197864380651586e-06
842,Mz Čukarička Padina(971),7.458483831233106e-06
832,Kneza Višeslava(180),7.356312819846351e-06
72,Pošta(1619),7.356312819846351e-06
223,Deligradska(393),7.356312819846351e-06
353,Novo Naselje (Rušanj)(2757),7.356312819846351e-06
331,Vidikovački Venac(525),7.2541418084595964e-06
173,Trg Republike(603),7.176053964042576e-06
290,Srpskih Udarnih Brigada(865),7.151970797072842e-06
497,Miška Jovanovića(588),7.151970797072842e-06
266,Palata Pravde(15),7.151970797072842e-06
50,Kragujevačkih Đaka(294),7.151970797072842e-06
265,Glavna Pošta(266),6.988497178854034e-06
754,Bulevar Umetnosti(2324),6.947628774299332e-06
797,Bulevar Crvene Armije(2672),6.947628774299332e-06
356,Ilije Miličevića(1700),6.947628774299332e-06
53,Milića Marinovića(676),6.947628774299332e-06
330,Vidikovački Venac(524),6.743286751525822e-06
599,Ušće(299),6.743286751525822e-06
222,Pravni Fakultet(66),6.743286751525822e-06
1178,Robni Terminal(1032),6.743286751525822e-06
255,Železnička Stanica Beograd Centar(273),6.743286751525822e-06
1245,Dobanovci /Ulaz/(1826),6.743286751525822e-06
363,Groblje Zbeg(2212),6.743286751525822e-06
179,Trg Republike(194),6.683686994883547e-06
607,Savski Trg(1218),6.6751727439346525e-06
274,Cvijićeva(354),6.658144242036859e-06
387,Železnička Stanica Tošin Bunar(1122),6.5389447287523125e-06
226,Dom Zdravlja Voždovac(388),6.5389447287523125e-06
329,Kneževac(944),6.5389447287523125e-06
40,Kneza Miloša(1216),6.5389447287523125e-06
809,Škola Josif Pančić(181),6.470830721161142e-06
1186,Biodekor(1042),6.436773717365558e-06
1120,Boleč Raskršće(1456),6.334602705978803e-06
1000,Prvomajska(1565),6.334602705978803e-06
937,Pijaca Zvezdara(98),6.334602705978803e-06
76,Put Za Beli Potok(1631),6.334602705978803e-06
696,Galenika (1231),6.334602705978803e-06
848,Julino Brdo(1036),6.198374690796463e-06
826,Careva Ćuprija(3700),6.198374690796463e-06
837,Julino Brdo(1035),6.198374690796463e-06
887,Dr Velizara Kosanovića(489),6.1813461888986705e-06
281,27. Marta(239),6.147289185103084e-06
412,Beogradska Arena(376),6.130260683205293e-06
726,Novo Bežanijsko Groblje(2524),6.130260683205293e-06
792,Bulevar Crvene Armije(2671),6.130260683205293e-06
1181,Robni Terminal(1082),6.130260683205293e-06
63,Bulevar Peka Dapčevića(908),6.130260683205293e-06
380,Pariske  Komune(459),6.130260683205293e-06
537,Groblje Zbeg(2213),6.130260683205293e-06
71,Put Za Beli Potok(3037),6.130260683205293e-06
314,Ulica Oslobođenja (941),6.1132321813075e-06
44,Baštovanska(291),5.994032668022953e-06
191,Trg Republike(532),5.956569963847809e-06
476,Svetozara Radojčića(262),5.9259186604317825e-06
315,Kneževac(943),5.9259186604317825e-06
729,Bežanijska Kosa /Grčka/(60),5.9259186604317825e-06
602,Staro Sajmište(117),5.891861656636198e-06
261,Džordža Vašingtona(356),5.7337398532995535e-06
595,Brankov Most(297),5.721576637658273e-06
1087,Dušana Vukasovića(1138),5.721576637658273e-06
564,Mirijevski Bulevar(662),5.721576637658273e-06
1177,Jat Tehnika(2735),5.721576637658273e-06
196,Put Za Beli Potok(3038),5.721576637658273e-06
852,Mz Čukarička Padina(970),5.619405626271518e-06
756,Nikole Dobrovića(1202),5.619405626271518e-06
1142,Nine Kirsanove(1435),5.517234614884763e-06
865,Obalskih Radnika(969),5.517234614884763e-06
214,Sc Sport Eko(437),5.517234614884763e-06
70,Beli Potok /Kumbara/(1617),5.517234614884763e-06
366,Paviljoni(462),5.517234614884763e-06
985,Ristin Potok(2834),5.517234614884763e-06
621,Ilije Miličevića(1699),5.517234614884763e-06
496,Dušanovac /Pošta/(562),5.517234614884763e-06
421,Antifašističke Borbe(332),5.4491206072935934e-06
432,Milentija Popovića(301),5.4491206072935934e-06
1189,Biodekor(2290),5.312892592111253e-06
313,Janković Stojana(734),5.312892592111253e-06
545,Dušanovac /Pošta/(643),5.312892592111253e-06
124,"Blok ""Branko Momirov""(767)",5.312892592111253e-06
359,Trebež(2411),5.312892592111253e-06
459,Železnička Stanica Bgd Centar(1041),5.312892592111253e-06
448,Src Makiš(687),5.312892592111253e-06
275,Železnička Stanica Dunav(836),5.312892592111253e-06
668,Bačvanska(229),5.312892592111253e-06
1180,Jat Tehnika(2736),5.312892592111253e-06
807,Kula Beograd(3107),5.312892592111253e-06
409,Omladinskih Brigada(400),5.268618487176993e-06
811,Obalskih Radnika(968),5.2107215807244985e-06
34,Trg Slavija /Nemanjina/(68),5.176664576928914e-06
158,Trg Slavija /Nemanjina/(67),5.108550569337744e-06
506,Milentija Popovića(302),5.108550569337744e-06
108,Novo Groblje(79),5.108550569337744e-06
45,Kragujevačkih Đaka(293),5.108550569337744e-06
618,Kneževac(1012),5.108550569337744e-06
151,Park Tašmajdan(190),5.107090983460789e-06
310,Pilota Mihajla Petrovića(520),4.904208546564234e-06
680,Palata Srbija(303),4.904208546564234e-06
141,Novo Groblje(80),4.904208546564234e-06
36,Bulevar Kneza Aleksandra Karađorđevića(1044),4.904208546564234e-06
1079,Dr Ivana Ribara(1148),4.904208546564234e-06
514,Src Makiš(548),4.904208546564234e-06
277,Mz Krnjača(769),4.904208546564234e-06
558,Karaburma 2(547),4.904208546564234e-06
370,Studentski Grad(1118),4.887180044666441e-06
806,Tc Galerija(3109),4.802037535177479e-06
185,Katanićeva(204),4.802037535177479e-06
1183,Put Za Soko Salaš(1861),4.802037535177479e-06
523,Erport Siti(798),4.767980531381894e-06
160,Takovska(58),4.733923527586309e-06
42,Gučevska(2904),4.699866523790724e-06
1192,Surčinska(1139),4.699866523790724e-06
1141,Novo Naselje(1437),4.699866523790724e-06
146,Braće Ribnikar(1079),4.699866523790724e-06
145,Braće Ribnikar(1080),4.699866523790724e-06
938,Milana Rakića(2283),4.665809519995139e-06
192,Trg Republike(193),4.638563916958671e-06
422,Omladinskih Brigada(399),4.6147240143017615e-06
1191,Magelanova(2193),4.597695512403969e-06
376,Sc Vizura(1983),4.580667010506176e-06
525,Omladinskih Brigada 1(2322),4.563638508608385e-06
187,Pravni Fakultet(582),4.563638508608385e-06
605,Hotel Jugoslavija(306),4.563638508608384e-06
1255,Aleksandra Vojinovića(896),4.4955245010172145e-06
1143,"Oš ""Dragojlo Dudić""(1433)",4.4955245010172145e-06
963,Pretok(2157),4.4955245010172145e-06
119,Marijane Gregoran(608),4.4955245010172145e-06
503,Sp Lasta(696),4.4955245010172145e-06
559,Salvadora Aljendea(335),4.4955245010172145e-06
425,Erport Siti(799),4.4955245010172145e-06
312,Marička(736),4.4955245010172145e-06
794,Tehnička Škola Novi Beograd(797),4.4955245010172145e-06
347,Jablanička(1009),4.4955245010172145e-06
544,Peke Pavlovića(590),4.4955245010172145e-06
650,Kalemegdan(5),4.4955245010172145e-06
41,Trg Slavija /Nemanjina/(926),4.46146749722163e-06
61,Raška(861),4.410381991528252e-06
33,Trg Slavija /Nemanjina/(925),4.39335348963046e-06
263,Dušanova(530),4.359296485834874e-06
961,Bratstva I Jedinstva(1280),4.291182478243705e-06
640,Železnička Stanica Beograd Centar(2903),4.291182478243705e-06
666,Konjarnik(222),4.291182478243705e-06
781,Oš Jovan Sterija Popović(2673),4.291182478243705e-06
895,Go Vračar(2500),4.291182478243705e-06
816,Naselje Belvil(2759),4.291182478243705e-06
911,Železnička Rampa(1660),4.291182478243705e-06
620,Braće Vučković(916),4.291182478243705e-06
529,Paviljoni(461),4.291182478243705e-06
311,Pilota Mihajla Petrovića(521),4.291182478243705e-06
968,Drinske Divizije(1276),4.18901146685695e-06
835,Trebevićka(187),4.1549544630613655e-06
847,Banovo Brdo(1027),4.154954463061365e-06
844,Julino Brdo(723),4.154954463061365e-06
825,Dom Zdravlja(183),4.086840455470195e-06
1182,Put Za Soko Salaš(1862),4.086840455470195e-06
452,Careva Ćuprija(3699),4.086840455470195e-06
818,Kongrap(1654),4.086840455470195e-06
1124,Dušana  Petrovića Šaneta(1453),4.086840455470195e-06
484,Stari Vinogradi(2078),4.086840455470195e-06
1065,Put Za Kovilovo(1284),4.086840455470195e-06
162,Vojvode Dragomira(205),4.086840455470195e-06
462,Dušanovac /Pošta/(561),4.086840455470195e-06
600,Glavna Pošta(267),4.0187264478790255e-06
688,Metro(2841),3.98466944408344e-06
398,Džona Kenedija(405),3.908041185543374e-06
120,Vojvode Micka Krstića(345),3.882498432696685e-06
652,Pristanište(6),3.882498432696685e-06
64,Beranska(678),3.882498432696685e-06
1040,Pupin Telekom(2840),3.882498432696685e-06
22,Prešernova(451),3.882498432696685e-06
1296,Dobanovci /Centar/(1817),3.882498432696685e-06
1151,Novo Naselje(1436),3.882498432696685e-06
57,Plivalište Banjica(288),3.882498432696685e-06
709,Konjarnik(221),3.882498432696685e-06
1150,Nine Kirsanove(1434),3.882498432696685e-06
472,Svetozara Radojčića(263),3.882498432696685e-06
125,Vojvode Micka Krstića(655),3.882498432696685e-06
83,Kružni Put(1616),3.882498432696685e-06
372,Narodnih Heroja(1987),3.7939502228281645e-06
960,Kosovopoljska(2154),3.7803274213099305e-06
1091,Ekonomski Fakultet(11),3.7803274213099305e-06
413,Džona Kenedija(406),3.771813170361034e-06
820,Petlja Radnička(3025),3.7632989194121383e-06
374,Narodnih Heroja(1985),3.708807713339202e-06
252,Vaznesenjska Crkva(1730),3.6781564099231756e-06
478,Zaplanjska(428),3.6781564099231756e-06
426,Garaža Novi Beograd(1986),3.6781564099231756e-06
1269,Miška Kranjca(2462),3.6781564099231756e-06
828,Teodora Drajzera(2422),3.6781564099231756e-06
624,Trebež(2343),3.6781564099231756e-06
17,Dinarska(75),3.6781564099231756e-06
88,Kolonija(2001),3.6781564099231756e-06
714,Zabrđanska(3161),3.6781564099231756e-06
704,Španskih Boraca(1102),3.6781564099231756e-06
415,Palata Srbija(364),3.6781564099231756e-06
849,Trebevićka(188),3.6440994061275904e-06
390,Zmaj(1855),3.6100424023320065e-06
1190,Nedeljka Gvozdenovića(605),3.575985398536421e-06
410,Beogradska Arena /Španskih Boraca/(331),3.575985398536421e-06
1202,Magelanova(2107),3.575985398536421e-06
340,Labudovo Brdo(2443),3.575985398536421e-06
888,Pijaca Zvezdara(99),3.473814387149666e-06
1033,"Vrtić ""Oaza""(3192)",3.473814387149666e-06
323,Vojno Medicinski Centar(1028),3.473814387149666e-06
780,Dom Zdravlja Blok 44(1147),3.473814387149666e-06
933,Zvezdara(832),3.473814387149666e-06
256,Kozjačka(770),3.473814387149666e-06
126,Vojvode Micka Krstića(656),3.473814387149666e-06
1166,Put Za Src(1984),3.473814387149666e-06
573,Partizanski Blok(765),3.473814387149666e-06
406,Džona Kenedija 1(3513),3.473814387149666e-06
1050,Mali Zbeg(2211),3.473814387149666e-06
1246,Fruškogorska(1824),3.473814387149666e-06
65,Milića Marinovića(677),3.473814387149666e-06
250,Šest Kaplara(363),3.4057003795584963e-06
354,Labudovo Brdo(2444),3.4057003795584963e-06
1032,Preduzeće Galenika Magmasil(1157),3.371643375762911e-06
1082,"Naselje ""Dr Ivan Ribar""(1149)",3.2694723643761562e-06
37,Toplice Milana(2906),3.2694723643761562e-06
1043,Zemun Park(2741),3.2694723643761562e-06
521,Kula Beograd(3106),3.2694723643761562e-06
74,Avala(1621),3.2694723643761562e-06
104,Omladinski Stadion(632),3.2694723643761562e-06
479,Naselje Braće Jerković(430),3.2694723643761562e-06
815,Ostružnica 1(932),3.2694723643761562e-06
886,Zvezdara(833),3.2694723643761562e-06
1002,Bajdina(1428),3.2694723643761562e-06
801,Naselje Belvil(2758),3.2694723643761562e-06
1216,Šabačka(249),3.2694723643761562e-06
286,Iv Beogradska Gimnazija(2438),3.2694723643761562e-06
450,Milutina Milankovića(1104),3.2694723643761562e-06
1039,Put Za Novi Sad(2742),3.2694723643761562e-06
298,Košutnjak(1228),3.2694723643761562e-06
188,Šest Kaplara(2848),3.2694723643761562e-06
225,Ljubićka (Univerzitet Singidunum)(448),3.2694723643761562e-06
1167,Braće Nikolić(1783),3.2694723643761562e-06
178,Dom Omladine(358),3.264607078119644e-06
333,Go Rakovica(876),3.1673013529894014e-06
725,Bežanijska Kosa /Groblje/(1033),3.1673013529894014e-06
16,Franše Deperea(150),3.1673013529894014e-06
784,Mz Mladost(1211),3.1673013529894014e-06
428,Mostar(396),3.1673013529894014e-06
838,Ilije Đuričića(1037),3.0651303416026465e-06
1030,Naselje Ekonomija(1167),3.0651303416026465e-06
1174,Krušedolska(1780),3.0651303416026465e-06
854,Ilije Đuričića(1038),3.0651303416026465e-06
142,"Pijaca ""Kalenić""(555)",3.0651303416026465e-06
869,Železnički Nadvožnjak(2371),3.0651303416026465e-06
619,Jablanička(1010),3.0651303416026465e-06
1123,Bare(2533),3.0651303416026465e-06
798,Agostina Neta(1263),3.0651303416026465e-06
761,Peđe Milosavljevića(2096),3.0651303416026465e-06
814,Železnički Nadvožnjak(2370),3.0651303416026465e-06
131,Go Vračar(586),3.0651303416026465e-06
1121,Boleč /Pumpa/(2134),3.0310733378070613e-06
165,Vukov Spomenik /Bul.Kralja Aleksa./(108),3.0106391355297105e-06
337,Vidikovačka(3045),2.9629593302158912e-06
28,Mihajla Gavrilovića(823),2.9629593302158912e-06
11,Trg Oslobođenja(154),2.9629593302158912e-06
411,Beogradska Arena(821),2.9629593302158912e-06
596,Staro Sajmište(116),2.928902326420307e-06
1037,"Vrtić ""Oaza""(3191)",2.9289023264203064e-06
604,Džona Kenedija(308),2.9289023264203064e-06
164,Trg Slavija(3054),2.894845322624721e-06
235,27. Marta(841),2.8607883188291364e-06
930,Škola Vojislav Ilić(830),2.8607883188291364e-06
871,Ostružnica 1(1967),2.8607883188291364e-06
1185,Ledine(1143),2.8607883188291364e-06
1261,Železnička Stanica Resnik(898),2.8607883188291364e-06
752,Stari Aerodrom(1124),2.8607883188291364e-06
1092,Mostar(16),2.8607883188291364e-06
679,Hotel Jugoslavija(305),2.8607883188291364e-06
1404,Prnjavor /Škola/(2403),2.8607883188291364e-06
1281,Železnička Stanica Resnik(897),2.8607883188291364e-06
39,Ljubićka (Univerzitet Singidunum)(449),2.8607883188291364e-06
906,Inos(975),2.8607883188291364e-06
830,Kijevska(185),2.8607883188291364e-06
902,Inos(974),2.8607883188291364e-06
791,Depo Sava(2202),2.8607883188291364e-06
495,Husova(564),2.8607883188291364e-06
1234,Pružni Prelaz(2980),2.8607883188291364e-06
1031,Put Za 13. Maj(1163),2.8267313150335516e-06
657,Pijaca Skadarlija(54),2.826731315033551e-06
128,Vukov Spomenik(654),2.8131085135153176e-06
1193,Bežanijska Kosa(2102),2.7586173074423815e-06
220,Trg Oslobođenja(153),2.7586173074423815e-06
717,Marka Čelebonovića(1996),2.7586173074423815e-06
765,Jkp Zelenilo Beograd(1007),2.7586173074423815e-06
106,Omladinski Stadion(550),2.7586173074423815e-06
401,Crkva Svetog Dimitrija(1993),2.748400206303706e-06
1270,Kneževac(2124),2.707531801749004e-06
254,Ušće(300),2.6905032998512115e-06
1041,Put Za Novi Sad(2278),2.656446296055627e-06
198,Dugo Polje(2300),2.6564462960556267e-06
982,Tc Zmaj(2860),2.6564462960556267e-06
975,Tc Zmaj(3145),2.6564462960556267e-06
530,Birotehnička Škola(2262),2.6564462960556267e-06
1157,Stara Kaluđerica(1444),2.6564462960556267e-06
272,Triglavska(610),2.6564462960556267e-06
904,Stevana Đurđevića(1006),2.6564462960556267e-06
1347,Žikice Jovanovića(1663),2.6564462960556267e-06
742,Podvožnjak(245),2.6564462960556267e-06
776,Pijaca Blok 44(1214),2.6564462960556267e-06
1267,Vijadukt(946),2.6564462960556267e-06
49,Banjica 2(1599),2.6564462960556267e-06
276,Hala Aleksandar Nikolić(1729),2.6564462960556267e-06
1340,Lepenskog Vira(3057),2.6564462960556267e-06
734,Imt(1127),2.6564462960556267e-06
653,Pristanište(7),2.6564462960556267e-06
1405,Trešnja(2405),2.6564462960556267e-06
285,Bolnica Dragiša Mišović(279),2.6564462960556267e-06
947,Zemljoradnička(691),2.6564462960556267e-06
1272,Vijadukt(945),2.6564462960556267e-06
1129,Boleč /Pumpa/(2103),2.6564462960556267e-06
379,Sc 11. April(1184),2.6564462960556267e-06
868,Milutina Milankovića(482),2.6564462960556267e-06
373,Studentska(1116),2.6564462960556267e-06
154,Tetovska(560),2.6564462960556267e-06
123,Omladinski Stadion/Izlaz/(1093),2.6564462960556267e-06
365,Prilaz(463),2.6564462960556267e-06
461,Husova(563),2.6564462960556267e-06
706,Šumice(217),2.6053607903622492e-06
665,Šumice - Okretnica(744),2.5883322884644566e-06
833,Kirovljeva(504),2.571303786566664e-06
777,Gandijeva(2325),2.554275284668872e-06
610,Karađorđev Trg(310),2.554275284668872e-06
291,Kanarevo Brdo(867),2.452104273282117e-06
862,Hipodrom(178),2.452104273282117e-06
1046,Galenika (1230),2.452104273282117e-06
973,Zemun /Novi Grad/(333),2.452104273282117e-06
92,Dušana Radovića(835),2.452104273282117e-06
536,Banatska(2522),2.452104273282117e-06
153,Južni Bulevar(558),2.452104273282117e-06
872,Španskih Boraca(1731),2.452104273282117e-06
1375,Timočki Put (Ulaz)(2934),2.452104273282117e-06
498,Mostar(395),2.452104273282117e-06
1396,Mostar(17),2.452104273282117e-06
309,Stevana Lukovića(1742),2.452104273282117e-06
467,Braće Jerković (Mitrovo Brdo)(433),2.452104273282117e-06
946,Kovačka(693),2.452104273282117e-06
563,Husinjskih Rudara(337),2.452104273282117e-06
885,Škola Vojislav Ilić(831),2.452104273282117e-06
831,Topčiderski Park(2583),2.452104273282117e-06
1314,Železnička Stanica Ripanj(2003),2.452104273282117e-06
593,Hala Aleksandar Nikolić(837),2.452104273282117e-06
909,Ivo Lola Ribar(960),2.452104273282117e-06
485,Braće Jerković (Mitrovo Brdo)(432),2.452104273282117e-06
735,Gandijeva(1194),2.452104273282117e-06
779,Nehruova(788),2.452104273282117e-06
269,Vatrogasna Komanda(78),2.452104273282117e-06
966,Bratstva I Jedinstva(1274),2.349933261895362e-06
1243,Dobanovačka Petlja(2252),2.349933261895362e-06
583,Vojvode Dobrnjca(699),2.349933261895362e-06
32,Birčaninova(638),2.349933261895362e-06
728,Ljubinke Bobić(2097),2.349933261895362e-06
736,Crkva Sv. Georgija(1136),2.2477622505086072e-06
636,Hasanaginica(1131),2.2477622505086072e-06
1112,Gradska Bolnica(83),2.2477622505086072e-06
6,Trg Oslobođenja(751),2.2477622505086072e-06
2,Trg Oslobođenja(845),2.2477622505086072e-06
1256,13.Oktobra(894),2.2477622505086072e-06
437,Blok 24(1106),2.2477622505086072e-06
796,Omladinskih Brigada 1(191),2.2477622505086072e-06
505,Beogradska Arena /Španskih Boraca/(237),2.2477622505086072e-06
929,Bačvanska(230),2.2477622505086072e-06
243,Tehnički Fakulteti(584),2.2477622505086072e-06
1173,Surčin /Centar/(1778),2.2477622505086072e-06
230,Go Voždovac(642),2.2477622505086072e-06
487,Dragice Končar(599),2.2477622505086072e-06
582,Cvijićeva(492),2.2477622505086072e-06
1211,Surčin /Mlin/(1948),2.2477622505086072e-06
419,Beogradska Arena(820),2.2477622505086072e-06
874,Seme(1968),2.2477622505086072e-06
1299,Žarka Jelića(1819),2.2477622505086072e-06
986,Vinjage(2836),2.2477622505086072e-06
116,Sup Palilula(549),2.2477622505086072e-06
916,Pijaca(959),2.2477622505086072e-06
889,Rimska(223),2.19667674481523e-06
262,Dušanova(531),2.154105490070749e-06
682,Trg Branka Radičevića(413),2.1455912391218524e-06
335,Miljakovac 1 – Okretnica(2486),2.1455912391218524e-06
674,Džona Kenedija(307),2.1455912391218524e-06
962,Zrenjaninski Put(1203),2.1455912391218524e-06
111,"Vmc ""Karaburma""(81)",2.1455912391218524e-06
149,Takovska(59),2.1455912391218524e-06
639,Topčiderska Zvezda(774),2.1115342353262676e-06
634,Srpskih Udarnih Brigada(866),2.0434202277350975e-06
670,Škola Vojislav Ilić(214),2.0434202277350975e-06
1346,Stevana Filipovića(1661),2.0434202277350975e-06
502,Grčića Milenka(383),2.0434202277350975e-06
193,Tašmajdan(536),2.0434202277350975e-06
30,27. Marta(840),2.0434202277350975e-06
509,Palata Srbija(365),2.0434202277350975e-06
884,Blok Sutjeska(1906),2.0434202277350975e-06
486,Naselje Braće Jerković(601),2.0434202277350975e-06
751,Narodnih Heroja(1090),2.0434202277350975e-06
29,Pravni Fakultet(842),2.0434202277350975e-06
622,Petlovo Brdo(949),2.0434202277350975e-06
822,Jrb(1061),2.0434202277350975e-06
555,Omladinski Stadion /Ulaz/(1092),2.0434202277350975e-06
207,Voždovac(174),2.0434202277350975e-06
808,Gučevska(2314),2.0434202277350975e-06
1001,Mirijevska(1431),2.0434202277350975e-06
576,Farmaceutski Fakultet(2128),2.0434202277350975e-06
914,Stevana Filipovića(1662),2.0434202277350975e-06
224,Prešernova(450),2.0434202277350975e-06
860,Dom Zdravlja(184),2.0434202277350975e-06
1339,Vizantijska (1574),2.0434202277350975e-06
287,Teodora Drajzera 2(2440),2.0434202277350975e-06
1371,Put Za Aluge(2796),2.0434202277350975e-06
433,Blok 26(2382),2.0434202277350975e-06
531,Studentski Grad(1740),2.0434202277350975e-06
651,Kalemegdan(4),2.0434202277350975e-06
1319,Put Za Milovanoviće(2006),2.0434202277350975e-06
527,Fontana(455),2.0434202277350975e-06
259,Džordža Vašingtona(355),2.04050105598119e-06
52,Voždovac(1598),2.026391725837305e-06
215,Pet Solitera(858),2.0093632239395127e-06
1128,Skladište Boja(1537),2.0093632239395123e-06
655,Braće Baruh(71),1.9412492163483427e-06
879,Kneza Miloša(1217),1.9412492163483427e-06
211,Saobraćajni Fakultet(168),1.9412492163483427e-06
800,Gandijeva(791),1.9412492163483427e-06
339,Vidikovac(937),1.9071922125527574e-06
1042,Institut Za Kukuruz(1882),1.9071922125527574e-06
400,Novi Beograd /Paviljoni/(377),1.8646209578082765e-06
948,Mz Kumodraž(689),1.8390782049615878e-06
939,Batutova(2542),1.8390782049615878e-06
1029,Belarička(2630),1.8390782049615878e-06
1115,Batutova(97),1.8390782049615878e-06
1149,"Oš ""Dragojlo Dudić""(1432)",1.8390782049615878e-06
316,Košutnjak(1384),1.8390782049615878e-06
1356,Put Za Zaklopaču(1467),1.8390782049615878e-06
321,Mz Vidikovac(522),1.8390782049615878e-06
927,Internacionalnih Brigada(544),1.8390782049615878e-06
1140,Put Za Kaluđericu(1439),1.8390782049615878e-06
200,Resnik /Ulaz/(888),1.8390782049615878e-06
723,Nikole Dobrovića(1187),1.8390782049615878e-06
1158,Čardak(1446),1.8390782049615878e-06
1047,Geomašina(1154),1.8390782049615878e-06
355,Braće Vučković(915),1.8390782049615878e-06
9,Stratimirovićeva(389),1.8390782049615878e-06
1100,Ljiljane Krstić(2702),1.8390782049615878e-06
1049,Save Mrkalja(1278),1.8390782049615878e-06
1052,Naselje Ekonomija(1166),1.8390782049615878e-06
548,Grčića Milenka(232),1.8390782049615878e-06
100,Astronomska(613),1.8390782049615878e-06
520,Savski Trg (Savska)(1726),1.8390782049615878e-06
1152,Put Za Kaluđericu(1438),1.8390782049615878e-06
971,Ikarbus(2677),1.8390782049615878e-06
749,Fakultet Dramskih Umetnosti(1098),1.8390782049615878e-06
898,Železnik /Savska/(1979),1.8390782049615878e-06
753,Omladinskih Brigada 1(453),1.8390782049615878e-06
507,Blok 26(2383),1.8390782049615878e-06
774,Omladinskih Brigada(2437),1.8390782049615878e-06
775,Omladinskih Brigada(794),1.8390782049615878e-06
501,Vladimira Tomanovića(2907),1.8390782049615878e-06
972,Ikarbus(2678),1.8390782049615878e-06
1280,Aleksandra Vojinovića(895),1.8390782049615878e-06
964,Pretok(2156),1.8390782049615878e-06
623,Naselje Vinogradi(2135),1.8390782049615878e-06
282,Cvijićeva(838),1.8390782049615878e-06
702,Beograd Na Vodi(3117),1.8050212011660026e-06
1053,Zemun Park(2740),1.736907193574833e-06
1054,Put Za Novi Sad(2277),1.736907193574833e-06
341,Vidikovac(822),1.736907193574833e-06
1119,Boleč /Crkva/(1715),1.736907193574833e-06
841,Valjevska(1002),1.736907193574833e-06
246,Skadarska(357),1.716959519923133e-06
260,Trg Republike(546),1.6858216878814555e-06
334,Ulica Oslobođenja (741),1.668793185983663e-06
873,Kongrap(1655),1.6347361821880781e-06
1176,Malinjak(1763),1.6347361821880781e-06
1208,Malinjak(1762),1.6347361821880781e-06
893,Mpi(827),1.6347361821880781e-06
928,Go Vračar(2499),1.6347361821880781e-06
1179,Vikend Naselje(1761),1.6347361821880781e-06
1207,Vikend Naselje(1760),1.6347361821880781e-06
866,Kneza Višeslava(2234),1.6347361821880781e-06
786,Vojvođanska(1207),1.6347361821880781e-06
1199,Vinogradska (Plandište)(2767),1.6347361821880781e-06
821,Gp Rad(1064),1.6347361821880781e-06
824,Topčiderski Park(2449),1.6347361821880781e-06
755,Generala Nedeljkovića(1200),1.6347361821880781e-06
1107,Oslobođenja(1702),1.6347361821880781e-06
423,Zmaj(1854),1.6347361821880781e-06
1406,Avalski Cvet(2407),1.6347361821880781e-06
98,Ćalije(615),1.6347361821880781e-06
320,Vareška(3695),1.6347361821880781e-06
631,Pilota Mihajla Petrovića(1266),1.6347361821880781e-06
512,Muzej Jugoslavije(275),1.6347361821880781e-06
107,Vatrogasna Komanda(77),1.6347361821880781e-06
357,Novo Naselje(954),1.6347361821880781e-06
358,Kružni Put(2299),1.6347361821880781e-06
361,Bačka(2521),1.6347361821880781e-06
606,Muzej Savremene Umetnosti(3115),1.6347361821880781e-06
268,Južni Bulevar(557),1.6347361821880781e-06
227,Mihajla Gavrilovića(824),1.6347361821880781e-06
1341,Vladimira Ćorovića (Ulaz)(3058),1.6347361821880781e-06
342,Serdar Janka Vukotića(1015),1.6347361821880781e-06
1262,Pružni Prelaz(2981),1.6347361821880781e-06
440,Antifašističke Borbe(375),1.6347361821880781e-06
579,Vitezova Karađorđeve Zvezde(2555),1.6347361821880781e-06
464,Miška Jovanovića(587),1.6347361821880781e-06
466,Jovana Bijelića(439),1.6347361821880781e-06
581,Cvijićeva(1034),1.6347361821880781e-06
881,Savski Most(3142),1.600679178392493e-06
935,Škola Vojislav Ilić(213),1.5836506764947007e-06
689,Filipa Višnjića(421),1.5325651708013233e-06
234,Franše Deperea(151),1.5325651708013233e-06
699,Palata Srbija(304),1.532565170801323e-06
846,Julino Brdo(722),1.4985081670057382e-06
1335,Ulica Oslobođenja (740),1.4814796651079456e-06
891,Rimska(224),1.4814796651079456e-06
882,Savski Trg (Savska)(478),1.4644511632101532e-06
1386,Oš 14. Oktobar(1749),1.4303941594145682e-06
996,Rudo(484),1.4303941594145682e-06
228,Južni Bulevar(640),1.4303941594145682e-06
1357,Usek(1469),1.4303941594145682e-06
817,Seme(1969),1.4303941594145682e-06
236,Dinarska(2802),1.4303941594145682e-06
1372,Pavićevac 1(2798),1.4303941594145682e-06
1370,Ripanj /Centar/(2012),1.4303941594145682e-06
959,Borča Raskršće(1250),1.4303941594145682e-06
519,Drinska(913),1.4303941594145682e-06
1034,Metro(2842),1.4303941594145682e-06
195,Pošta(1620),1.4303941594145682e-06
1004,Mirka Sandića(3169),1.4303941594145682e-06
270,Veljka Dugoševića(1077),1.4303941594145682e-06
249,Šest Kaplara(2114),1.4303941594145682e-06
1020,Orlovača /Ulaz/(2243),1.4303941594145682e-06
580,Cvijićeva(353),1.4303941594145682e-06
572,Diljska(658),1.4303941594145682e-06
403,Španskih Boraca(367),1.4303941594145682e-06
1198,Vinogradska (Ulaz)(2649),1.4303941594145682e-06
489,Sc Sport Eko(436),1.4303941594145682e-06
743,Marka Oreškovića(247),1.4303941594145682e-06
490,Dragice Končar 1(597),1.4303941594145682e-06
368,Ix Beogradska Gimnazija(458),1.4303941594145682e-06
1116,Lion(95),1.4303941594145682e-06
499,Dušanovac /Pošta/(385),1.4303941594145682e-06
925,Ostružnica 2(1982),1.4303941594145682e-06
926,Bore Stankovića(2137),1.4303941594145682e-06
698,Trg Branka Radičevića(414),1.4303941594145682e-06
508,Blok 24(1105),1.4303941594145682e-06
1101,Ugrinovački Put 12. Deo(2704),1.4303941594145682e-06
643,Stadion Partizan(278),1.4303941594145682e-06
707,Rimska(215),1.4303941594145682e-06
638,Muzej Jugoslavije(276),1.4303941594145682e-06
1273,Miška Kranjca(2461),1.3963371556189832e-06
664,Šumice(380),1.3622801518233981e-06
628,Susedgradska(3043),1.3282231480278133e-06
1295,Stevana Jovanovića(1815),1.3282231480278133e-06
649,Tadeuša Košćuška(3),1.3282231480278133e-06
302,Miljakovac 1(873),1.3282231480278133e-06
788,Pijaca Blok 44(1213),1.3282231480278133e-06
1298,Zemunska(2265),1.3282231480278133e-06
598,Trg Republike(533),1.2601091404366433e-06
469,Zaplanjska(429),1.2260521366410585e-06
896,Smiljanićeva(541),1.2260521366410585e-06
1355,Bećarevo Brdo(1465),1.2260521366410585e-06
823,Hipodrom(177),1.2260521366410585e-06
1200,Vinogradska (Ulaz)(2650),1.2260521366410585e-06
231,Trg Oslobođenja(752),1.2260521366410585e-06
468,Naselje Braće Jerković(431),1.2260521366410585e-06
463,Tetovska(559),1.2260521366410585e-06
458,Pogon Kosmaj(745),1.2260521366410585e-06
566,Put Za Adu Huju(660),1.2260521366410585e-06
549,Vojvode Dragomira(206),1.2260521366410585e-06
1194,Milana Vujaklije(2281),1.2260521366410585e-06
1311,Brankov Most(9),1.2260521366410585e-06
550,Crveni Krst(207),1.2260521366410585e-06
834,Teodora Drajzera 2(2439),1.2260521366410585e-06
987,Milošev Kladenac(2832),1.2260521366410585e-06
273,Patrisa Lumumbe(344),1.2260521366410585e-06
278,Diljska(657),1.2260521366410585e-06
541,Preduzeće Petar Velebit(572),1.2260521366410585e-06
540,Dušana Jovanovića (574),1.2260521366410585e-06
870,Makiška(1977),1.2260521366410585e-06
297,Koste Živkovića(1132),1.2260521366410585e-06
1212,Braće Nikolić(1782),1.2260521366410585e-06
1217,Gradska Bolnica(252),1.2260521366410585e-06
1321,Oš Vojvoda Putnik(1635),1.2260521366410585e-06
859,Kijevska(186),1.2260521366410585e-06
417,Bulevar Zorana Đinđića(1094),1.2260521366410585e-06
1168,Surčin /Mlin/(1949),1.2260521366410585e-06
1387,Slavka Rodića(1747),1.2260521366410585e-06
169,Mileševska(3989),1.2260521366410585e-06
616,Serdar Janka Vukotića(1016),1.2260521366410585e-06
147,Toplička(1078),1.2260521366410585e-06
43,Crkva Sv. Vasilija Ostroškog(853),1.2260521366410585e-06
739,Blok 37(1091),1.2260521366410585e-06
136,Go Zvezdara(88),1.2260521366410585e-06
103,Generala Aračića(607),1.2260521366410585e-06
1251,Slovački Dom(1822),1.2260521366410585e-06
1051,Mali Zbeg(2210),1.2260521366410585e-06
785,Blok 63(1922),1.2260521366410585e-06
769,Nedeljka Gvozdenovića(1192),1.2260521366410585e-06
91,Vitezova Karađorđeve Zvezde(621),1.2260521366410585e-06
1250,Raška Dimitrijevića(1205),1.2260521366410585e-06
73,Pošta(2893),1.2260521366410585e-06
1402,Prnjavor /Ulaz/(2401),1.2260521366410585e-06
1401,Rasadnik(2399),1.2260521366410585e-06
87,Čaršija(1999),1.2260521366410585e-06
1126,Petra Kočića(1451),1.2260521366410585e-06
613,Slavka Šlandera(1053),1.2260521366410585e-06
137,Pravni Fakultet(109),1.2260521366410585e-06
85,1000 Ruža(3890),1.2260521366410585e-06
1099,Juga Grizelja(2308),1.2260521366410585e-06
217,Trg Oslobođenja(846),1.2260521366410585e-06
1114,Vii Beogradska Gimnazija(3075),1.2260521366410585e-06
1006,Zabrđanska(3162),1.2260521366410585e-06
1009,Rudo(483),1.2260521366410585e-06
1010,Mirka Sandića(3168),1.2260521366410585e-06
678,Aleksandra Dubčeka(312),1.2260521366410585e-06
1015,Lošinjska Donja(3159),1.2260521366410585e-06
1021,Oslobođenja(1701),1.2260521366410585e-06
1105,Orlovača /Izlaz/(2244),1.2260521366410585e-06
1022,Usek(947),1.2260521366410585e-06
1229,Mz Ledine(2651),1.2260521366410585e-06
763,Stojana Aralice(1185),1.1238811252543036e-06
766,Hotel Nacional(1029),1.1238811252543036e-06
648,Braće Baruh(72),1.1238811252543036e-06
878,Miloša Pocerca(936),1.1238811252543036e-06
1131,Babin Lug(1549),1.0898241214587186e-06
407,Studentska(1117),1.0285215146266658e-06
408,Bulevar Zorana Đinđića(1095),1.0217101138675488e-06
876,Petlja Radnička(3026),1.0217101138675488e-06
1090,Savski Most(3127),1.0217101138675488e-06
676,Fontana(1084),1.0217101138675488e-06
1333,Železnička Stanica Zemun(818),1.0217101138675488e-06
920,Kontaktor(977),1.0217101138675488e-06
722,Jkp Zelenilo Beograd(1031),1.0217101138675488e-06
748,Blok 29(1096),1.0217101138675488e-06
80,Oš Vasa Čarapić(2171),1.0217101138675488e-06
1403,Srednji Prnjavor(2425),1.0217101138675488e-06
892,Grčića Milenka(231),1.0217101138675488e-06
59,Riste Stefanovića(1601),1.0217101138675488e-06
903,Kontaktor(976),1.0217101138675488e-06
1345,Železnička Rampa(1659),1.0217101138675488e-06
1266,Deponija(1641),1.0217101138675488e-06
697,Filipa Višnjića(422),1.0217101138675488e-06
733,Nedeljka Gvozdenovića(927),1.0217101138675488e-06
578,Mirijevo(2448),1.0217101138675488e-06
931,Neimar(545),1.0217101138675488e-06
1125,Hladnjača Pkb(1458),1.0217101138675488e-06
567,Pogon Karaburma(2564),1.0217101138675488e-06
584,Žel. St. Dunav -Okretnica(709),1.0217101138675488e-06
565,Stevana Hristića(339),1.0217101138675488e-06
585,Klanički Kej(719),1.0217101138675488e-06
1165,Rimski Kanal(1785),1.0217101138675488e-06
981,Železnička Tehnička Stanica(2430),1.0217101138675488e-06
980,Branko Plećaš(327),1.0217101138675488e-06
977,Branko Plećaš(328),1.0217101138675488e-06
974,Kineski Tržni Centar(2754),1.0217101138675488e-06
205,Banjica 2(1600),1.0217101138675488e-06
201,Pošta(2892),1.0217101138675488e-06
839,Bele Vode(1039),1.0217101138675488e-06
288,Teodora Drajzera(2415),1.0217101138675488e-06
1315,Put Za Milovanoviće(2005),1.0217101138675488e-06
292,Kanarevo Brdo /Dom Zdravlja/(938),1.0217101138675488e-06
534,Studentski Grad(1182),1.0217101138675488e-06
1268,Usek(948),1.0217101138675488e-06
350,Bože Jeremića(3042),1.0217101138675488e-06
757,Imt(1126),1.0217101138675488e-06
1324,Železnička Stanica Zemun(819),1.0217101138675488e-06
1061,Dom Zdravlja(2160),1.0217101138675488e-06
229,Stratimirovićeva(641),1.0217101138675488e-06
1058,13. Maj /Ulaz/(236),1.0217101138675488e-06
861,Bele Vode(1040),1.0217101138675488e-06
637,Koste Živkovića(1229),1.0217101138675488e-06
1318,Železnička Stanica Ripanj(2004),1.0217101138675488e-06
296,Peta Ekonomska(491),1.0217101138675488e-06
953,Beranska(679),1.0217101138675488e-06
940,Batutova(96),1.0217101138675488e-06
843,Banovo Brdo(2129),9.535961062763787e-07
3,Trg Slavija /Tiršova/(3147),9.195391024807939e-07
712,Ustanička(906),9.195391024807939e-07
518,Ruska(498),9.195391024807939e-07
840,Vodovodska(1000),9.195391024807939e-07
720,Peđe Milosavljevića(225),9.195391024807939e-07
609,Rk Beograd(412),8.854820986852091e-07
138,Vukov Spomenik /Bul.Kralja Aleksa./(86),8.854820986852089e-07
703,Palata Pravde(2496),8.514250948896241e-07
999,Milana Rakića(2291),8.173680910940391e-07
1028,Batajnica (Ulaz)(1169),8.173680910940391e-07
203,Podavalska (Izlaz)(2887),8.173680910940391e-07
1153,Put Za Institut(1440),8.173680910940391e-07
1156,Filipa Kljajića(1442),8.173680910940391e-07
210,Pet Solitera(857),8.173680910940391e-07
908,Pijaca(467),8.173680910940391e-07
212,Trošarina(909),8.173680910940391e-07
1159,Hotel Radmilovac(1448),8.173680910940391e-07
813,Makiška(1976),8.173680910940391e-07
998,Milana Rakića(2284),8.173680910940391e-07
990,Oš Stevan Sinđelić(3166),8.173680910940391e-07
989,Mz Vml(1572),8.173680910940391e-07
569,Rospi Ćuprija(663),8.173680910940391e-07
1301,Slovački Dom(1821),8.173680910940391e-07
984,Buljubašine Vode(2080),8.173680910940391e-07
1170,Žička(3121),8.173680910940391e-07
237,Bulevar Kneza Aleksandra Karađorđevića(1043),8.173680910940391e-07
239,Cvijićeva(839),8.173680910940391e-07
547,Katarine Ivanović(645),8.173680910940391e-07
1241,Aerodrom Nikola Tesla(1045),8.173680910940391e-07
424,Milutina Milankovića(801),8.173680910940391e-07
1385,17. Oktobra(1751),8.173680910940391e-07
1076,Marina(666),8.173680910940391e-07
1109,Prvomajska(2341),8.173680910940391e-07
1258,Mz Resnik(2889),8.173680910940391e-07
1111,Milorada Živkovića(3088),8.173680910940391e-07
24,Dušanovac /Pošta/(386),8.173680910940391e-07
673,Prve Pruge - Retenzija(407),8.173680910940391e-07
69,Kružni Put(1615),8.173680910940391e-07
744,Podvožnjak(246),8.173680910940391e-07
78,Put Za Beli Potok(1630),8.173680910940391e-07
81,1000 Ruža(3889),8.173680910940391e-07
1074,Trudbenička(1402),8.173680910940391e-07
615,Jaše Prodanovića(241),8.173680910940391e-07
1397,Sajam(18),8.173680910940391e-07
1071,Put Za Kovilovo(1283),8.173680910940391e-07
1395,Sajam(19),8.173680910940391e-07
1066,Kovilovo 1(1353),8.173680910940391e-07
1391,Vareška(3696),8.173680910940391e-07
1064,Put Za Jabučki Rit(1286),8.173680910940391e-07
97,Sime Trojanovića(617),8.173680910940391e-07
1276,Deponija(1640),8.173680910940391e-07
633,Kanarevo Brdo(868),8.173680910940391e-07
546,Ignjata Joba(592),8.173680910940391e-07
554,Servisi(2414),8.173680910940391e-07
877,Dom Garde(2689),8.173680910940391e-07
857,Ace Joksimovića(727),8.173680910940391e-07
1330,Zrenjaninski Put(1350),8.173680910940391e-07
360,Zadrugarska(1223),8.173680910940391e-07
1348,Sare Bernar(1665),8.173680910940391e-07
851,Valjevska(1003),8.173680910940391e-07
483,Veliki Mokri Lug (Izlaz)(2247),8.173680910940391e-07
890,Učiteljsko Naselje(487),8.173680910940391e-07
299,Milana Blagojevića Španca(2417),8.173680910940391e-07
470,Oš Danilo Kiš(2730),8.173680910940391e-07
945,Kumodraž 1(695),8.173680910940391e-07
875,Gp Rad(1063),8.173680910940391e-07
900,Blok 42(554),8.173680910940391e-07
915,Ivo Lola Ribar(961),8.173680910940391e-07
899,Ostružnica 2(963),8.173680910940391e-07
209,Plivalište Banjica(287),7.662825854006616e-07
614,Studentski Trg(3032),7.151970797072841e-07
647,Bulevar Despota Stefana(57),7.151970797072841e-07
1219,Jaše Prodanovića(242),7.151970797072841e-07
1248,Dobanovačka Petlja(2251),7.151970797072841e-07
587,Despota Đurđa(2112),6.811400759116992e-07
943,Voždovac(169),6.811400759116992e-07
1271,Slavka Rodića(3694),6.470830721161142e-07
1376,Pavićevac 2(2821),6.130260683205292e-07
494,Vitanovačka(446),6.130260683205292e-07
325,Ratka Mitrovića(519),6.130260683205292e-07
101,Triglavska(611),6.130260683205292e-07
1388,Stojana Jankovića(1745),6.130260683205292e-07
1048,Mihajla Šolohova(1244),6.130260683205292e-07
771,Jurija Gagarina(1109),6.130260683205292e-07
1377,Timočki Put 1.Deo(2979),6.130260683205292e-07
1242,Dobanovci /Ulaz/(1825),6.130260683205292e-07
1368,Ladne Vode(2557),6.130260683205292e-07
161,Tašmajdan(537),6.130260683205292e-07
1349,Đure Jakšića(2593),6.130260683205292e-07
500,Maksima Gorkog(826),6.130260683205292e-07
279,Astronomska(612),6.130260683205292e-07
1137,Prvomajska(2771),6.130260683205292e-07
31,Kralja Vladimira(157),6.130260683205292e-07
913,Svete Milutinovića(2225),6.130260683205292e-07
1102,Ugrinovački Put 26. Deo(2706),6.130260683205292e-07
1259,Brestovačka(3083),6.130260683205292e-07
1409,Pavićevac 3(2799),6.130260683205292e-07
693,Ruska(423),6.130260683205292e-07
1096,Polimark(2739),6.130260683205292e-07
1095,Slavka Šlandera(1052),6.130260683205292e-07
1094,Rk Beograđanka(113),6.130260683205292e-07
1257,Kamenac(892),6.130260683205292e-07
897,Strugarska(1125),6.130260683205292e-07
1059,Milice Šuvaković(1891),6.130260683205292e-07
894,Marčanska(227),6.130260683205292e-07
745,Zdravka Čelara(244),6.130260683205292e-07
1249,Marka Ristića(2099),6.130260683205292e-07
1400,Raskrsnica-Vrčin(2397),6.130260683205292e-07
381,Kbc Zemun(313),6.130260683205292e-07
1343,Novo Naselje(3059),6.130260683205292e-07
659,Jovana Bijelića(595),6.130260683205292e-07
941,Zvečanska(152),6.130260683205292e-07
1062,Jovana Mikića(2377),6.130260683205292e-07
1026,Milorada Živkovića(3089),6.130260683205292e-07
194,Avala(1622),6.130260683205292e-07
992,Tranšped(2914),6.130260683205292e-07
799,Jurija Gagarina(1108),6.130260683205292e-07
557,Salvadora Aljendea(336),6.130260683205292e-07
233,Bože Jankovića(156),6.130260683205292e-07
1169,Krušedolska(1781),6.130260683205292e-07
1292,Pumpa(2870),6.130260683205292e-07
1161,Vojina Jugovića(3128),6.130260683205292e-07
1361,Svetosavska(1513),6.130260683205292e-07
294,Slavoljuba Vuksanovića(899),6.130260683205292e-07
1008,Vitezova Karađorđeve Zvezde(476),6.130260683205292e-07
850,Vodovodska(1001),6.130260683205292e-07
570,Patrisa Lumumbe(343),6.130260683205292e-07
988,Lipovačka(1571),6.130260683205292e-07
1358,Suva Česma(1471),6.130260683205292e-07
533,Kbc Zemun(314),6.130260683205292e-07
1233,Resnički Put(3046),6.130260683205292e-07
577,Mirijevo 2(629),6.130260683205292e-07
556,Blok Braća Marić(1382),6.130260683205292e-07
827,Bas(3757),6.130260683205292e-07
1308,Novobeogradskih Graditelja(2998),6.130260683205292e-07
965,Kosovopoljska(2155),6.130260683205292e-07
1285,Beogradelektro(1970),6.130260683205292e-07
542,Pukovnika Petra Mišića(2595),6.130260683205292e-07
1310,Pop Stojanova(93),6.130260683205292e-07
793,Novi Beograd (Ušće)(2847),6.130260683205292e-07
1019,Oš Stevan Sinđelić(3167),6.130260683205292e-07
1374,Rašin Majdan(2008),6.130260683205292e-07
257,Tašmajdan(112),6.130260683205292e-07
1017,Medaković 2(3022),6.130260683205292e-07
539,Put Za Kumodraško Groblje(576),6.130260683205292e-07
524,Tehnička Škola Novi Beograd(796),6.130260683205292e-07
829,Železnička Stanica Topčider(2451),6.130260683205292e-07
1289,Pećani(1981),6.130260683205292e-07
1282,Resnik (Železnička Pruga)(2982),6.130260683205292e-07
1275,Slavka Rodića(2463),5.789690645249443e-07
1132,Zdravstvena St. Leštane I Vinča(1454),5.789690645249442e-07
1044,Pupin Telekom(2839),5.449120607293593e-07
681,Karađorđev Trg(1227),5.108550569337744e-07
60,Paunova(289),5.108550569337744e-07
1201,Ledine(1756),5.108550569337744e-07
789,Dom Zdravlja Blok 44(1146),5.108550569337744e-07
627,Bože Jeremića(3041),5.108550569337744e-07
764,Sc 11. April(1183),5.108550569337744e-07
626,Sretena Mladenovića Mike(3040),5.108550569337744e-07
1133,Boleč Raskršće(1457),5.108550569337744e-07
767,Zelengorska(1195),5.108550569337744e-07
301,Stanka Paunovića(871),5.108550569337744e-07
590,Luka Beograd(712),5.108550569337744e-07
677,Novi Beograd /Paviljoni/(378),5.023408059848781e-07
656,Dorćol /Kneginje Ljubice/(52),4.4274104934260444e-07
1384,Sretena Mladenovića(1753),4.0868404554701953e-07
1213,Put Za Src(3039),4.0868404554701953e-07
1108,Petlovo Brdo(950),4.0868404554701953e-07
1155,Narodnog Fronta(1566),4.0868404554701953e-07
1365,Šumareva Kuća(2033),4.0868404554701953e-07
1287,Mz Ostružnica(2164),4.0868404554701953e-07
1350,Gorica(1387),4.0868404554701953e-07
1225,Španskih Boraca(3021),4.0868404554701953e-07
1215,Vase Pelagića(776),4.0868404554701953e-07
1144,Narodnog Fronta(1567),4.0868404554701953e-07
1369,Brđani /Simići/(2014),4.0868404554701953e-07
1147,Dom Zdravlja(1582),4.0868404554701953e-07
1110,29.Novembra(2975),4.0868404554701953e-07
1366,Timočki Put (Ulaz)(2933),4.0868404554701953e-07
1205,Milana Vujaklije(2101),4.0868404554701953e-07
1224,Blok 23(122),4.0868404554701953e-07
1279,13.Oktobra(893),4.0868404554701953e-07
1117,Batutova(91),4.0868404554701953e-07
1265,Kijevo(1643),4.0868404554701953e-07
1210,Skopljanska(1774),4.0868404554701953e-07
1164,Put Za Jakovo(1787),4.0868404554701953e-07
1247,Naselje Radiofar(2553),4.0868404554701953e-07
1389,Stevana Lukovića(1743),4.0868404554701953e-07
1223,Železnik /Centar/(958),4.0868404554701953e-07
1373,Ripanj /Brdo/(2010),4.0868404554701953e-07
1344,Nićiforovićeva(1657),4.0868404554701953e-07
1196,Dušana Vukasovića(1137),4.0868404554701953e-07
1304,Zelengorska(1196),4.0868404554701953e-07
1277,Kijevo(1642),4.0868404554701953e-07
1317,Kolonija(2002),4.0868404554701953e-07
1172,Braće Suzić(1804),4.0868404554701953e-07
1254,Železnička Stanica Novi Beograd(2279),4.0868404554701953e-07
1278,Brđanska(2145),4.0868404554701953e-07
1228,Grmeč(1857),4.0868404554701953e-07
1291,Žarka Jelića(1820),4.0868404554701953e-07
708,Petrinjska(219),4.0868404554701953e-07
918,Železnički Tunel(983),4.0868404554701953e-07
526,Garaža Novi Beograd(2204),4.0868404554701953e-07
951,Kumodraž(2200),4.0868404554701953e-07
532,Prilaz(315),4.0868404554701953e-07
271,Pante Srećkovića(1075),4.0868404554701953e-07
957,Put Za Kotež(1722),4.0868404554701953e-07
958,Sebeš Mokri(1252),4.0868404554701953e-07
969,Pirotsko Naselje(1259),4.0868404554701953e-07
970,Blok Braća Marić(1379),4.0868404554701953e-07
976,Ševino Polje(2680),4.0868404554701953e-07
738,Bulevar Umetnosti(2323),4.0868404554701953e-07
208,Crkva Sv. Vasilija Ostroškog(854),4.0868404554701953e-07
983,Ševino Polje(2679),4.0868404554701953e-07
488,Medaković 3(265),4.0868404554701953e-07
993,Mihaila Todorovića(3164),4.0868404554701953e-07
994,Velimira Todorovića(212),4.0868404554701953e-07
701,Zemun /Pošta/(411),4.0868404554701953e-07
700,22. Oktobra(409),4.0868404554701953e-07
1005,Mihaila Todorovića(3165),4.0868404554701953e-07
690,Ruska(424),4.0868404554701953e-07
1011,Budvanska(485),4.0868404554701953e-07
949,Oktobarska(685),4.0868404554701953e-07
932,Smiljanićeva(540),4.0868404554701953e-07
552,"Blok ""Branko Momirov""(768)",4.0868404554701953e-07
762,Ljubinke Bobić(2098),4.0868404554701953e-07
805,Stadion Partizan(277),4.0868404554701953e-07
803,Mz Mladost(1212),4.0868404554701953e-07
855,Zdravka Jovanovića(917),4.0868404554701953e-07
460,Vitanovačka(447),4.0868404554701953e-07
856,Ratka Mitrovića(729),4.0868404554701953e-07
457,Pogon Kosmaj(2838),4.0868404554701953e-07
863,Petlja Radnička(3029),4.0868404554701953e-07
364,Zlatiborska(318),4.0868404554701953e-07
864,Gospodarska Mehana(23),4.0868404554701953e-07
867,Naselje Golf(2235),4.0868404554701953e-07
880,Muzej Savremene Umetnosti(3116),4.0868404554701953e-07
883,Kamenička(2248),4.0868404554701953e-07
491,Jovana Bijelića(438),4.0868404554701953e-07
907,Železnički Tunel(982),4.0868404554701953e-07
319,Stojana Jankovića(1744),4.0868404554701953e-07
783,Agostina Neta(1264),4.0868404554701953e-07
921,Železnik /Savska/(1910),4.0868404554701953e-07
515,Milutina Milankovića(1103),4.0868404554701953e-07
922,Mz Ostružnica(2165),4.0868404554701953e-07
1012,Mirijevska(1430),4.0868404554701953e-07
804,Jurija Gagarina(1115),4.0868404554701953e-07
1069,Kombinatova(1241),4.0868404554701953e-07
1056,Belarička(1168),4.0868404554701953e-07
601,Studentski Trg(82),4.0868404554701953e-07
86,Sanatorijum(1997),4.0868404554701953e-07
612,Sava Centar(121),4.0868404554701953e-07
18,Veljka Lukića Kurjaka(847),4.0868404554701953e-07
568,Diljska(341),4.0868404554701953e-07
1036,Geomašina(1155),4.0868404554701953e-07
21,Stadion Rajko Mitić(753),4.0868404554701953e-07
1035,Milice Šuvaković(1892),4.0868404554701953e-07
66,Voje Radića(1603),4.0868404554701953e-07
67,Voždovac(175),4.0868404554701953e-07
597,Sava Centar(120),4.0868404554701953e-07
654,Kralja Petra(73),4.0868404554701953e-07
594,Novi Beograd (Blok 20)(2846),4.0868404554701953e-07
1057,Institut Za Kukuruz(1881),4.0868404554701953e-07
574,Peke Pavlovića(589),4.0868404554701953e-07
197,Rakovica Selo(1614),4.0868404554701953e-07
625,Pilota Mihaila Petrovića(2442),4.0868404554701953e-07
1068,Drinske Divizije(1275),4.0868404554701953e-07
672,Hotel Srbija(381),4.0868404554701953e-07
675,Bulevar Zorana Đinđića(1085),4.0868404554701953e-07
171,Pijaca Đeram(90),4.0868404554701953e-07
641,Vojnomedicinska Akademija(286),4.0868404554701953e-07
1130, Zdravstvena Stanica  Leštane I Vinča(1547),3.4057003795584954e-07
289,Paje Adamova(281),3.065130341602646e-07
1184,Sc Mladost(2539),3.065130341602646e-07
528,Ix Beogradska Gimnazija(457),3.065130341602646e-07
731,Nikole Dobrovića(1188),3.065130341602646e-07
284,Narodnog Heroja Milana Tepića(756),3.065130341602646e-07
1078,Dr Ivana Ribara 1(784),3.065130341602646e-07
1081,Dr Ivana Ribara(771),3.065130341602646e-07
1088,Oš Branko Radičević(787),3.065130341602646e-07
1089,Dr Ivana Ribara 1(785),3.065130341602646e-07
1312,Tadeuša Košćuška(2),3.065130341602646e-07
1163,Boleč /Crkva/(1714),3.065130341602646e-07
802,Nehruova(789),3.065130341602646e-07
1338,Božidara Stojanovića(940),3.065130341602646e-07
1294,Dobanovci /Centar/(1866),3.065130341602646e-07
1297,Dobanovci /Centar/(1818),3.065130341602646e-07
942,Saobraćajni Fakultet(167),2.7245603036467965e-07
1323,Peđe Milosavljevića 1(3998),2.0434202277350976e-07
1303,Bezdan(1813),2.0434202277350976e-07
1293,Grmovac /Ulaz/(1696),2.0434202277350976e-07
553,Put Za Adu Huju(659),2.0434202277350976e-07
551,Diljska(342),2.0434202277350976e-07
1337,Ivo Lola Ribar(1656),2.0434202277350976e-07
1336,Bore Stankovića(2138),2.0434202277350976e-07
1307,Cvetni Trg(539),2.0434202277350976e-07
1313,Oš Veljka Dugoševića(3149),2.0434202277350976e-07
586,Gundulićev Venac(701),2.0434202277350976e-07
1306,Bregalnička(209),2.0434202277350976e-07
1305,Stojana Aralice(1186),2.0434202277350976e-07
560,Karaburma 2(334),2.0434202277350976e-07
575,Kumodraž 2(579),2.0434202277350976e-07
543,Preduzeće Izolacija(570),2.0434202277350976e-07
1302,Fruškogorska(1823),2.0434202277350976e-07
1322,Kolonija(1914),2.0434202277350976e-07
538,Junska(578),2.0434202277350976e-07
1316,Kolonija(1913),2.0434202277350976e-07
1334,Železnička Tehnička Stanica 1(2541),2.0434202277350976e-07
492,Bulevar Peka Dapčevića(907),2.0434202277350976e-07
1332,Atanasija Pulje(1728),2.0434202277350976e-07
561,Karaburma 2(490),2.0434202277350976e-07
1331,Kovilovo 1(1352),2.0434202277350976e-07
493,Bjelovarska(444),2.0434202277350976e-07
1326,Železnička Tehnička Stanica(2429),2.0434202277350976e-07
535,Bačka(2520),2.0434202277350976e-07
1325,Atanasija Pulje(817),2.0434202277350976e-07
1300,Partizanska(2264),2.0434202277350976e-07
1320,Minel 3(1637),2.0434202277350976e-07
1309,Vodeničarska(2653),2.0434202277350976e-07
1106,Avalska(956),2.0434202277350976e-07
482,Braće Srnić(2152),2.0434202277350976e-07
84,Beli Potok /Ulaz/(1633),2.0434202277350976e-07
1381,Iv Beogradska Gimnazija(2441),2.0434202277350976e-07
1382,Železnička Stanica Topčider(3018),2.0434202277350976e-07
1383,Šolina(757),2.0434202277350976e-07
148,Veljka Dugoševića(1076),2.0434202277350976e-07
102,Marijane Gregoran(609),2.0434202277350976e-07
99,Ladne Vode(619),2.0434202277350976e-07
96,Nikole Doksata(2282),2.0434202277350976e-07
1390,Servis Dmb(877),2.0434202277350976e-07
90,Selište(623),2.0434202277350976e-07
1392,Košutnjak(2459),2.0434202277350976e-07
1393,Servis Dmb(878),2.0434202277350976e-07
1394,Ruska(21),2.0434202277350976e-07
89,Mz Pinosava(1623),2.0434202277350976e-07
1398,Ruska(20),2.0434202277350976e-07
1379,Veliki Mokri Lug(2082),2.0434202277350976e-07
1399,Šuplja Stena(2395),2.0434202277350976e-07
82,Zemljoradnička (Izlaz) - Osečinska(2883),2.0434202277350976e-07
79,Oš Vasa Čarapić(2170),2.0434202277350976e-07
75,1. Nova(2895),2.0434202277350976e-07
68,Rakovica Selo(1613),2.0434202277350976e-07
1407,Trešnja /Škola/(2409),2.0434202277350976e-07
1408,Trešnja /Okretnica/(2794),2.0434202277350976e-07
1410,Pavićevac 2(2820),2.0434202277350976e-07
1411,Topčiderska Okretnica(2453),2.0434202277350976e-07
1412,Dorćol /Src Milan Gale Muškatirović/(529),2.0434202277350976e-07
1413,Pavićevac 3(2800),2.0434202277350976e-07
1414,Brestovačka(3082),2.0434202277350976e-07
1415,Jovijanova(3060),2.0434202277350976e-07
1380,Crveni Krst(208),2.0434202277350976e-07
1378,Timočki Put 2. Deo(2936),2.0434202277350976e-07
481,Vojislava Ilića(426),2.0434202277350976e-07
295,Oš Đura Jakšić(939),2.0434202277350976e-07
1342,Vml(1576),2.0434202277350976e-07
475,Medaković 3(264),2.0434202277350976e-07
471,Pive Karamatijevića(565),2.0434202277350976e-07
465,Meštrovićeva(441),2.0434202277350976e-07
327,Kneza Višeslava(731),2.0434202277350976e-07
326,Susedgradska(3044),2.0434202277350976e-07
1351,Gradine(2605),2.0434202277350976e-07
1352,Žikice Jovanovića(1664),2.0434202277350976e-07
1353,Žikice Jovanovića(2619),2.0434202277350976e-07
1354,Put Za Zaklopaču(1498),2.0434202277350976e-07
324,Cerak Vinogradi(2216),2.0434202277350976e-07
591,Viline Vode(717),2.0434202277350976e-07
300,Pivljanina Baje 1(2569),2.0434202277350976e-07
1359,Plantaža(1463),2.0434202277350976e-07
199,Zemljoradnička (Izlaz) - Osečinska(2884),2.0434202277350976e-07
1360,Vikendice(1460),2.0434202277350976e-07
293,Vareška(869),2.0434202277350976e-07
1362,Mali Lug(1515),2.0434202277350976e-07
1363,Careva Glavica(1473),2.0434202277350976e-07
1364,Timočke Divizije(2728),2.0434202277350976e-07
1367,Šejkina(2559),2.0434202277350976e-07
283,Ćalije(614),2.0434202277350976e-07
258,Cvetni Trg(538),2.0434202277350976e-07
232,Stadion Rajko Mitić(754),2.0434202277350976e-07
216,Veljka Lukića Kurjaka(848),2.0434202277350976e-07
213,Bebelova(542),2.0434202277350976e-07
204,Riste Stefanovića(1602),2.0434202277350976e-07
202,1. Nova(2894),2.0434202277350976e-07
589,Železnička Stanica Dunav(721),2.0434202277350976e-07
1263,Resnik (Železnička Pruga)(2983),2.0434202277350976e-07
1290,Pećani(964),2.0434202277350976e-07
1175,Galovica(1765),2.0434202277350976e-07
1014,Zeleno Brdo(3163),2.0434202277350976e-07
1154,Dom Zdravlja(1581),2.0434202277350976e-07
1013,Oš Desanka Maksimović(2574),2.0434202277350976e-07
1007,16. Oktobra(474),2.0434202277350976e-07
1160,Petra Kočića(1450),2.0434202277350976e-07
1003,Oš Desanka Maksimović(2573),2.0434202277350976e-07
1162,Cerska(3129),2.0434202277350976e-07
997,Dr Velizara Kosanovića(226),2.0434202277350976e-07
995,Budvanska(486),2.0434202277350976e-07
991,Milošev Kladenac(2833),2.0434202277350976e-07
979,Vojni Put(325),2.0434202277350976e-07
1171,Don Kihotova(3120),2.0434202277350976e-07
978,Vojni Put(326),2.0434202277350976e-07
967,Popova Bara(2241),2.0434202277350976e-07
912,Mz Železnik(1944),2.0434202277350976e-07
956,Tašmajdan /Park/(84),2.0434202277350976e-07
955,Kralja Vladimira(158),2.0434202277350976e-07
954,Visoka Škola Elektrotehnike(166),2.0434202277350976e-07
952,Kumodraž 2(681),2.0434202277350976e-07
950,Zemljoradnička (Ulaz)(2874),2.0434202277350976e-07
1187,Novo Naselje(1954),2.0434202277350976e-07
1188,Ledine(1757),2.0434202277350976e-07
944,Institut Torlak(682),2.0434202277350976e-07
924,Reni Bunar(2219),2.0434202277350976e-07
923,Nadvožnjak(2159),2.0434202277350976e-07
1195,Blok 61(1262),2.0434202277350976e-07
1197,Naselje Mileva Marić Ajnštajn(1130),2.0434202277350976e-07
919,Ateks(979),2.0434202277350976e-07
1016,Veselina Čajkanovića(3097),2.0434202277350976e-07
1018,Baza Voždovac(1933),2.0434202277350976e-07
1023,Novo Naselje(953),2.0434202277350976e-07
1024,Prvomajska(2342),2.0434202277350976e-07
1103,Naselje Mala Pruga(2708),2.0434202277350976e-07
1098,Ugrinovački Put(2306),2.0434202277350976e-07
1113,Lion(94),2.0434202277350976e-07
1097,Privredna Zona (Izlaz)(2737),2.0434202277350976e-07
1093,Most Gazela(1055),2.0434202277350976e-07
1118,Boleč (Groblje)(2899),2.0434202277350976e-07
1077,Fk Banja(2474),2.0434202277350976e-07
1075,Marijane Gregoran(2562),2.0434202277350976e-07
1073,Višnjika Banja(1404),2.0434202277350976e-07
1072,Put Za Jabučki Rit(1285),2.0434202277350976e-07
1070,Mihajla Vukše(1234),2.0434202277350976e-07
1127,Hotel Radmilovac(1449),2.0434202277350976e-07
1067,Kovilovo 2(1355),2.0434202277350976e-07
1063,Frikom(1288),2.0434202277350976e-07
1060,13. Maj(1900),2.0434202277350976e-07
1134,Elektrodistribucija(1539),2.0434202277350976e-07
1135,Skladište Boja(1536),2.0434202277350976e-07
1136,Vinča /Ulaz/(1551),2.0434202277350976e-07
1138,Privredna Zona(2773),2.0434202277350976e-07
1139,Put Za Institut(1441),2.0434202277350976e-07
1055,Polimark(2738),2.0434202277350976e-07
1045,13. Maj /Ulaz/(466),2.0434202277350976e-07
1027,Maksima Brankovića(1172),2.0434202277350976e-07
1145,Mali Mokri Lug (Crkva)(2579),2.0434202277350976e-07
1146,Narodnog Fronta(2580),2.0434202277350976e-07
1025,29.Novembra(2976),2.0434202277350976e-07
1148,Ilidenska(3157),2.0434202277350976e-07
917,Radnih Akcija(2229),2.0434202277350976e-07
1203,Vinogradska (Plandište)(2768),2.0434202277350976e-07
592,Klanički Kej(718),2.0434202277350976e-07
660,Vojvode Vlahovića(2622),2.0434202277350976e-07
759,Gandijeva(1128),2.0434202277350976e-07
750,Autoput(1088),2.0434202277350976e-07
746,Marka Oreškovića(248),2.0434202277350976e-07
741,Blok 29(1097),2.0434202277350976e-07
740,Autoput(1089),2.0434202277350976e-07
1252,Naselje Okrajak(2254),2.0434202277350976e-07
737,Blok 28(1101),2.0434202277350976e-07
730,Hotel Nacional(1030),2.0434202277350976e-07
705,Hotel Srbija(382),2.0434202277350976e-07
1260,8. Septembra(3081),2.0434202277350976e-07
1104,Ljiljane Krstić(2309),2.0434202277350976e-07
1264,Resnički Put(3047),2.0434202277350976e-07
658,Centralno Groblje(593),2.0434202277350976e-07
782,Jurija Gagarina(1114),2.0434202277350976e-07
645,Umljenovićeva(647),2.0434202277350976e-07
644,Centralno Groblje(594),2.0434202277350976e-07
642,Pedagoška Akademija(1995),2.0434202277350976e-07
1274,Košutnjak(2460),2.0434202277350976e-07
635,Toplana 1(2363),2.0434202277350976e-07
632,Miljakovac 1(874),2.0434202277350976e-07
630,Kneza Višeslava(730),2.0434202277350976e-07
629,Ratka Mitrovića(518),2.0434202277350976e-07
1283,Topčiderska Reka - Prilaz(3002),2.0434202277350976e-07
1284,Jugolek(1972),2.0434202277350976e-07
1286,Nadvožnjak(2158),2.0434202277350976e-07
1288,Zelengora(2367),2.0434202277350976e-07
1204,Sc Mladost(2538),2.0434202277350976e-07
1244,Ikarbus(1859),2.0434202277350976e-07
787,Oš Branko Radičević(786),2.0434202277350976e-07
1240,Jove Mitrovića(3091),2.0434202277350976e-07
1206,Novo Naselje(1953),2.0434202277350976e-07
905,Ateks(978),2.0434202277350976e-07
901,Novi Železnički Most(1059),2.0434202277350976e-07
1209,Galovica(1764),2.0434202277350976e-07
1214,Dragomira Momčilovića(2667),2.0434202277350976e-07
858,Zdravka Jovanovića(918),2.0434202277350976e-07
1218,Miloša Jankovića(254),2.0434202277350976e-07
1220,Topčiderska Zvezda(773),2.0434202277350976e-07
1221,Pedagoška Akademija(1994),2.0434202277350976e-07
1222,Braće Mitrović (995),2.0434202277350976e-07
853,Žarkovo(914),2.0434202277350976e-07
836,Petra Lekovića(506),2.0434202277350976e-07
1226,Jrb(1060),2.0434202277350976e-07
1227,Grmeč(1856),2.0434202277350976e-07
1230,Naselje Mileva Marić Ajnštajn(1134),2.0434202277350976e-07
1231,Mz Blok 61(1272),2.0434202277350976e-07
1232,Orlovac(3048),2.0434202277350976e-07
790,Blok 63(1268),2.0434202277350976e-07
1235,Drage Vukićević(1709),2.0434202277350976e-07
1236,Mz Rušanj(1704),2.0434202277350976e-07
1237,Jove Mitrovića(3090),2.0434202277350976e-07
1238,Drage Vukićević(1708),2.0434202277350976e-07
1239,Mz Rušanj(1703),2.0434202277350976e-07
1416,Mz Vml(3056),2.0434202277350976e-07
1329,Železnička Stanica Zemun(3144),1.3622801518233983e-07
1328,Železnička Stanica Zemun(3143),1.3622801518233983e-07
1327,Zemun (Novi Grad)(552),1.3622801518233983e-07
646,Pijaca Skadarlija(55),1.0217101138675488e-07
1253,Naselje Radiofar(1860),1.0217101138675488e-07
747,Gundulićev Venac(700),1.0217101138675488e-07
